{
  "ConfigVersion": "2.0.0",
  "context": "<none>",
  "deploymentLock": true,
  "LZVersion": "2.0.5",
  "MgmtGrId": "mg-corp",
  "number": "<none>",
  "project": "adm",
  "ResourceNames": {
    "rgRsvNorthEurope": "rg-adm-int-rsv-neu",
    "rgRsvWestEurope": "rg-adm-int-rsv-weu",
    "rgVnet": "rg-adm-int-vnet",
    "rsvNameNorthEurope": "rsv-adm-int-neu",
    "rsvNameWestEurope": "rsv-adm-int-weu",
    "vnetName": "vnt-adm-int-weu"
  },
  "stage": "int",
  "Tag": {
    "ccoe_billingID": "ATLA_202205",
    "ccoe_owner": "alexander.kruse@aldi-nord.de",
    "ccoe_project": "adm",
    "ccoe_stage": "int",
    "ccoe_technicalcontact": "alexander.kruse@aldi-nord.de",
    "ccoe_workloadteam": "AZR.AA.ALL.O365.sub-adm-int.Notification@aldi-nord.com"
  },
  "vnetAddressPrefix": "10.227.117.0/24",
  "vnetDNSServers": [
    "10.228.34.42"
  ]
}
