{
  "ConfigVersion": "2.0.0",
  "context": "idnt",
  "deploymentLock": true,
  "LZVersion": "2.0.2",
  "MgmtGrId": "mg-corp",
  "number": "001",
  "project": "ccoe",
  "ResourceNames": {
    "rgRsvNorthEurope": "rg-ccoe-prod-rsv-neu",
    "rgRsvWestEurope": "rg-ccoe-prod-rsv-weu",
    "rgVnet": "rg-ccoe-prod-vnet",
    "rsvNameNorthEurope": "rsv-ccoe-prod-neu",
    "rsvNameWestEurope": "rsv-ccoe-prod-weu",
    "vnetName": "vnt-ccoe-prod-weu"
  },
  "stage": "prod",
  "Tag": {
    "ccoe_billingID": "ccoe_202207",
    "ccoe_owner": "alim.hasanovic@aldi-nord.de",
    "ccoe_project": "ccoe",
    "ccoe_stage": "prod",
    "ccoe_technicalcontact": "alim.hasanovic@aldi-nord.de",
    "ccoe_workloadteam": "AZR.AA.ALL.O365.sub-ccoe-prod-idnt-001.Notification@aldi-nord.com"
  },
  "vnetAddressPrefix": "10.227.93.0/26",
  "vnetDNSServers": [
    "10.228.34.42"
  ]
}
