{
  "ConfigVersion": "2.0.0",
  "context": "<none>",
  "deploymentLock": true,
  "LZVersion": "2.0.5",
  "MgmtGrId": "mg-corp",
  "number": "<none>",
  "project": "ppbr",
  "ResourceNames": {
    "rgRsvNorthEurope": "rg-ppbr-prd-rsv-neu",
    "rgRsvWestEurope": "rg-ppbr-prd-rsv-weu",
    "rgVnet": "rg-ppbr-prd-vnet",
    "rsvNameNorthEurope": "rsv-ppbr-prd-neu",
    "rsvNameWestEurope": "rsv-ppbr-prd-weu",
    "vnetName": "vnt-weu-prd-ppbr"
  },
  "stage": "prd",
  "Tag": {
    "ccoe_billingID": "PPBR_202207",
    "ccoe_owner": "alyona.rosendahl@aldi-nord.de",
    "ccoe_project": "ppbr",
    "ccoe_stage": "prd",
    "ccoe_technicalcontact": "oliver.engels@aldi-nord.de",
    "ccoe_workloadteam": "AZR.AA.ALL.O365.sub-ppbr-prd.Notification@aldi-nord.com"
  },
  "vnetAddressPrefix": "10.227.91.128/26",
  "vnetDNSServers": [
    "10.228.34.42"
  ]
}
