{
  "ConfigVersion": "2.0.0",
  "context": "<none>",
  "deploymentLock": true,
  "LZVersion": "2.0.5",
  "MgmtGrId": "mg-corp",
  "number": "<none>",
  "project": "zba",
  "ResourceNames": {
    "rgRsvNorthEurope": "rg-zba-int-rsv-neu",
    "rgRsvWestEurope": "rg-zba-int-rsv-weu",
    "rgVnet": "rg-zba-int-vnet",
    "rsvNameNorthEurope": "rsv-zba-int-neu",
    "rsvNameWestEurope": "rsv-zba-int-weu",
    "vnetName": "vnt-we-int-zba-int2"
  },
  "stage": "int",
  "Tag": {
    "ccoe_billingID": "ZBAN_202107",
    "ccoe_owner": "frank.kwiatkowski@aldi-nord.de",
    "ccoe_project": "zba",
    "ccoe_stage": "int",
    "ccoe_technicalcontact": "alexander.velder@ext.aldi-nord.de",
    "ccoe_workloadteam": "AZR.AA.ALL.O365.sub-zba-int.Notification@aldi-nord.com"
  },
  "vnetAddressPrefix": "10.227.48.0/24",
  "vnetDNSServers": [
    "10.228.34.42"
  ]
}
