{
  "ConfigVersion": "2.0.0",
  "context": "<none>",
  "deploymentLock": true,
  "LZVersion": "1.5.0",
  "MgmtGrId": "mg-sap",
  "number": "<none>",
  "project": "sap4",
  "ResourceNames": {
    "rgRsvNorthEurope": "rg-sap4-dmz-rsv-neu",
    "rgRsvWestEurope": "rg-sap4-dmz-rsv-weu",
    "rgVnet": "rg-sap4-dmz-vnet",
    "rsvNameNorthEurope": "rsv-sap4-dmz-neu",
    "rsvNameWestEurope": "rsv-sap4-dmz-weu",
    "vnetName": "vnt-sap4-dmz-weu"
  },
  "stage": "dmz",
  "Tag": {
    "ccoe_billingID": "SAP4_202208",
    "ccoe_owner": "sascha.dimmig@aldi-nord.de",
    "ccoe_project": "sap4",
    "ccoe_stage": "dmz",
    "ccoe_technicalcontact": "sascha.dimmig@aldi-nord.de",
    "ccoe_workloadteam": "AZR.AA.ALL.O365.sub-sap4-dmz.Notification@aldi-nord.com"
  },
  "vnetAddressPrefix": "10.228.54.0/23",
  "vnetDNSServers": [
    "10.228.34.42"
  ]
}
