{
  "ConfigVersion": "2.0.0",
  "context": "<none>",
  "deploymentLock": true,
  "LZVersion": "2.0.2",
  "MgmtGrId": "mg-corp",
  "number": "<none>",
  "project": "dpin",
  "ResourceNames": {
    "rgRsvNorthEurope": "rg-dpin-int-rsv-neu",
    "rgRsvWestEurope": "rg-dpin-int-rsv-weu",
    "rgVnet": "rg-dpin-int-vnet",
    "rsvNameNorthEurope": "rsv-dpin-int-neu",
    "rsvNameWestEurope": "rsv-dpin-int-weu",
    "vnetName": "vnt-dpin-int-weu"
  },
  "stage": "int",
  "Tag": {
    "ccoe_billingID": "DE708060",
    "ccoe_owner": "danilo.guziolek@aldi-nord.de",
    "ccoe_project": "dpin",
    "ccoe_stage": "int",
    "ccoe_technicalcontact": "norman.barth@aldi-nord.de",
    "ccoe_workloadteam": "AZR.AA.ALL.O365.sub-dpin-int.Notification@aldi-nord.com"
  },
  "vnetAddressPrefix": "10.227.160.0/22",
  "vnetDNSServers": [
    "10.228.34.42"
  ]
}
