{
  "ConfigVersion": "2.0.0",
  "context": "<none>",
  "deploymentLock": true,
  "LZVersion": "2.0.5",
  "MgmtGrId": "mg-corp",
  "number": "<none>",
  "project": "ppbr",
  "ResourceNames": {
    "rgRsvNorthEurope": "rg-ppbr-int-rsv-neu",
    "rgRsvWestEurope": "rg-ppbr-int-rsv-weu",
    "rgVnet": "rg-ppbr-int-vnet",
    "rsvNameNorthEurope": "rsv-ppbr-int-neu",
    "rsvNameWestEurope": "rsv-ppbr-int-weu",
    "vnetName": "vnt-weu-int-ppbr"
  },
  "stage": "int",
  "Tag": {
    "ccoe_billingID": "PPBR_202207",
    "ccoe_owner": "alyona.rosendahl@aldi-nord.de",
    "ccoe_project": "ppbr",
    "ccoe_stage": "int",
    "ccoe_technicalcontact": "oliver.engels@aldi-nord.de",
    "ccoe_workloadteam": "AZR.AA.ALL.O365.sub-ppbr-int.Notification@aldi-nord.com"
  },
  "vnetAddressPrefix": "10.227.91.192/26",
  "vnetDNSServers": [
    "10.228.34.42"
  ]
}
