{
  "ConfigVersion": "2.0.0",
  "context": "<none>",
  "deploymentLock": true,
  "LZVersion": "2.0.5",
  "MgmtGrId": "mg-corp",
  "number": "<none>",
  "project": "astm",
  "ResourceNames": {
    "rgRsvNorthEurope": "rg-stm-prd-rsv-neu",
    "rgRsvWestEurope": "rg-stm-prd-rsv-weu",
    "rgVnet": "rg-stm-prd-vnet",
    "rsvNameNorthEurope": "rsv-stm-prd-neu",
    "rsvNameWestEurope": "rsv-stm-prd-weu",
    "vnetName": "vnt-we-int-stm-prd"
  },
  "stage": "prd",
  "Tag": {
    "ccoe_billingID": "ASTM_202202",
    "ccoe_owner": "sascha.boetzel@aldi-nord.de",
    "ccoe_project": "astm",
    "ccoe_stage": "prd",
    "ccoe_technicalcontact": "marcel.roehrig@aldi-nord.de",
    "ccoe_workloadteam": "AZR.AA.ALL.O365.sub-de-ohg-ibs-isao-astm-prd.Notification@aldi-nord.com"
  },
  "vnetAddressPrefix": "10.227.14.0/24",
  "vnetDNSServers": [
    "10.228.34.42"
  ]
}
