{
  "ConfigVersion": "2.0.0",
  "context": "<none>",
  "deploymentLock": true,
  "LZVersion": "2.0.5",
  "MgmtGrId": "mg-corp",
  "number": "<none>",
  "project": "aisp",
  "ResourceNames": {
    "rgRsvNorthEurope": "rg-aisp-prd-rsv-neu",
    "rgRsvWestEurope": "rg-aisp-prd-rsv-weu",
    "rgVnet": "rg-aisp-prd-vnet",
    "rsvNameNorthEurope": "rsv-aisp-prd-neu",
    "rsvNameWestEurope": "rsv-aisp-prd-weu",
    "vnetName": "vnt-weu-prd-aisp"
  },
  "stage": "prd",
  "Tag": {
    "ccoe_billingID": "AISP_202203",
    "ccoe_owner": "sascha.dimmig@aldi-nord.de",
    "ccoe_project": "aisp",
    "ccoe_stage": "prd",
    "ccoe_technicalcontact": "thomas.schipper@aldi-nord.de",
    "ccoe_workloadteam": "AZR.AA.ALL.O365.sub-aisp-prd.Notification@aldi-nord.com"
  },
  "vnetAddressPrefix": "10.227.89.0/25",
  "vnetDNSServers": [
    "10.228.34.42"
  ]
}
