{
  "ConfigVersion": "2.0.0",
  "context": "<none>",
  "deploymentLock": true,
  "LZVersion": "2.0.5",
  "MgmtGrId": "mg-online",
  "number": "<none>",
  "project": "mia",
  "ResourceNames": {
    "rgRsvNorthEurope": "rg-mia-prd-rsv-neu",
    "rgRsvWestEurope": "rg-mia-prd-rsv-weu",
    "rgVnet": "<none>",
    "rsvNameNorthEurope": "rsv-mia-prd-neu",
    "rsvNameWestEurope": "rsv-mia-prd-weu",
    "vnetName": "<none>"
  },
  "stage": "prd",
  "Tag": {
    "ccoe_billingID": "CMIA_202201",
    "ccoe_owner": "geoffrey.panhey@aldi-nord.de",
    "ccoe_project": "mia",
    "ccoe_stage": "prd",
    "ccoe_technicalcontact": "geoffrey.panhey@aldi-nord.de",
    "ccoe_workloadteam": "AZR.AA.ALL.O365.sub-mia-prd.Notification@aldi-nord.com"
  },
  "vnetAddressPrefix": "<none>",
  "vnetDNSServers": []
}
