{
  "ConfigVersion": "2.0.0",
  "context": "<none>",
  "deploymentLock": true,
  "LZVersion": "2.0.5",
  "MgmtGrId": "mg-online",
  "number": "<none>",
  "project": "pluq",
  "ResourceNames": {
    "rgRsvNorthEurope": "rg-pluq-shared-rsv-neu",
    "rgRsvWestEurope": "rg-pluq-shared-rsv-weu",
    "rgVnet": "<none>",
    "rsvNameNorthEurope": "rsv-pluq-shared-neu",
    "rsvNameWestEurope": "rsv-pluq-shared-weu",
    "vnetName": "<none>"
  },
  "stage": "shared",
  "Tag": {
    "ccoe_billingID": "PLUQ_202207",
    "ccoe_owner": "christina.nadler@aldi-nord.de",
    "ccoe_project": "pluq",
    "ccoe_stage": "shared",
    "ccoe_technicalcontact": "christina.nadler@aldi-nord.de",
    "ccoe_workloadteam": "AZR.AA.ALL.O365.sub-pluq-shared.Notification@aldi-nord.com"
  },
  "vnetAddressPrefix": "<none>",
  "vnetDNSServers": []
}
