{
  "ConfigVersion": "2.0.0",
  "context": "<none>",
  "deploymentLock": true,
  "LZVersion": "2.0.5",
  "MgmtGrId": "mg-corp",
  "number": "<none>",
  "project": "acnl",
  "ResourceNames": {
    "rgRsvNorthEurope": "rg-acnl-prd-rsv-neu",
    "rgRsvWestEurope": "rg-acnl-prd-rsv-weu",
    "rgVnet": "rg-acnl-prd-vnet",
    "rsvNameNorthEurope": "rsv-acnl-prd-neu",
    "rsvNameWestEurope": "rsv-acnl-prd-weu",
    "vnetName": "vnt-acnl-prd-weu"
  },
  "stage": "prd",
  "Tag": {
    "ccoe_billingID": "snlsec2304",
    "ccoe_owner": "laurens.wisse@aldi.nl",
    "ccoe_project": "acnl",
    "ccoe_stage": "prd",
    "ccoe_technicalcontact": "laurens.wisse@aldi.nl",
    "ccoe_workloadteam": "AZR.AA.ALL.O365.sub-acnl-prd.Notification@aldi-nord.com"
  },
  "vnetAddressPrefix": "10.227.92.192/28",
  "vnetDNSServers": [
    "10.228.34.42"
  ]
}
