{
    "ConfigVersion": "2.0.0",
    "context": "<none>",
    "deploymentLock": true,
    "LZVersion": "2.0.0",
    "MgmtGrId": "mg-online",
    "number": "<none>",
    "project": "cmg",
    "ResourceNames": {
      "rgRsvNorthEurope": "rg-de-ohg-ats-inf-cmg-prd-rsv-neu",
      "rgRsvWestEurope": "rg-de-ohg-ats-inf-cmg-prd-rsv-weu",
      "rgVnet": "<none>",
      "rsvNameNorthEurope": "rsv-de-ohg-ats-inf-cmg-prd-neu",
      "rsvNameWestEurope": "rsv-de-ohg-ats-inf-cmg-prd-weu",
      "vnetName": "<none>"
    },
    "stage": "prd",
    "Tag": {
      "ccoe_billingID": "CMGP_202103",
      "ccoe_owner": "marco.hagenschulte@aldi-nord.de",
      "ccoe_project": "cmg",
      "ccoe_stage": "prd",
      "ccoe_technicalcontact": "marco.hagenschulte@aldi-nord.de",
      "ccoe_workloadteam": "AZR.AA.ALL.O365.sub-de-ohg-ats-inf-cmg-prd.Notification@aldi-nord.com"
    },
    "vnetAddressPrefix": "<none>",
    "vnetDNSServers": []
  }