{
  "ConfigVersion": "2.0.0",
  "context": "<none>",
  "deploymentLock": true,
  "LZVersion": "2.0.5",
  "MgmtGrId": "mg-corp",
  "number": "<none>",
  "project": "lims",
  "ResourceNames": {
    "rgRsvNorthEurope": "rg-lims-prd-rsv-neu",
    "rgRsvWestEurope": "rg-lims-prd-rsv-weu",
    "rgVnet": "rg-lims-prd-vnet",
    "rsvNameNorthEurope": "rsv-lims-prd-neu",
    "rsvNameWestEurope": "rsv-lims-prd-weu",
    "vnetName": "vnt-weu-prd-lims"
  },
  "stage": "prd",
  "Tag": {
    "ccoe_billingID": "LIMS_202207",
    "ccoe_owner": "petra.doering@aldi-nord.de",
    "ccoe_project": "lims",
    "ccoe_stage": "prd",
    "ccoe_technicalcontact": "vu-dang-huy.tran@aldi-nord.de",
    "ccoe_workloadteam": "AZR.AA.ALL.O365.sub-lims-prd.Notification@aldi-nord.com"
  },
  "vnetAddressPrefix": "10.227.71.128/28",
  "vnetDNSServers": [
    "10.228.34.42"
  ]
}
