{
  "ConfigVersion": "2.0.0",
  "context": "central",
  "deploymentLock": true,
  "LZVersion": "2.0.0",
  "MgmtGrId": "mg-online",
  "number": "<none>",
  "project": "soc",
  "ResourceNames": {
    "rgRsvNorthEurope": "rg-soc-prd-rsv-neu",
    "rgRsvWestEurope": "rg-soc-prd-rsv-weu",
    "rgVnet": "<none>",
    "rsvNameNorthEurope": "rsv-soc-prd-neu",
    "rsvNameWestEurope": "rsv-soc-prd-weu",
    "vnetName": "<none>"
  },
  "stage": "prd",
  "Tag": {
    "ccoe_billingID": "SENT_202210",
    "ccoe_owner": "marius.harenberg@aldi-nord.de",
    "ccoe_project": "soc",
    "ccoe_stage": "prd",
    "ccoe_technicalcontact": "marius.harenberg@aldi-nord.de",
    "ccoe_workloadteam": "AZR.AA.ALL.O365.sub-soc-prd-central.Notification@aldi-nord.com"
  },
  "vnetAddressPrefix": "<none>",
  "vnetDNSServers": []
}
