{
  "ConfigVersion": "2.0.0",
  "context": "<none>",
  "deploymentLock": true,
  "LZVersion": "2.0.1",
  "MgmtGrId": "mg-online",
  "number": "<none>",
  "project": "aisp",
  "ResourceNames": {
    "rgRsvNorthEurope": "rg-de-ohg-ats-dcs-aisp-int-rsv-neu",
    "rgRsvWestEurope": "rg-de-ohg-ats-dcs-aisp-int-rsv-weu",
    "rgVnet": "<none>",
    "rsvNameNorthEurope": "rsv-de-ohg-ats-dcs-aisp-int-neu",
    "rsvNameWestEurope": "rsv-de-ohg-ats-dcs-aisp-int-weu",
    "vnetName": "<none>"
  },
  "stage": "prd",
  "Tag": {
    "ccoe_billingID": "AISP_202203",
    "ccoe_owner": "thomas.schipper@aldi-nord.de",
    "ccoe_project": "aisp",
    "ccoe_stage": "prd",
    "ccoe_technicalcontact": "thomas.schipper@aldi-nord.de",
    "ccoe_workloadteam": "AZR.AA.ALL.O365.sub-de-ohg-ats-dcs-aisp-int.Notification@aldi-nord.com"
  },
  "vnetAddressPrefix": "<none>",
  "vnetDNSServers": []
}
