{
  "ConfigVersion": "2.0.0",
  "context": "<none>",
  "deploymentLock": true,
  "LZVersion": "2.0.5",
  "MgmtGrId": "mg-corp",
  "number": "<none>",
  "project": "ngw",
  "ResourceNames": {
    "rgRsvNorthEurope": "rg-ngw-prd-rsv-neu",
    "rgRsvWestEurope": "rg-ngw-prd-rsv-weu",
    "rgVnet": "rg-ngw-prd-vnet",
    "rsvNameNorthEurope": "rsv-ngw-prd-neu",
    "rsvNameWestEurope": "rsv-ngw-prd-weu",
    "vnetName": "vnt-we-prd-ngw"
  },
  "stage": "prd",
  "Tag": {
    "ccoe_billingID": "NGWP_202201",
    "ccoe_owner": "thomas.liedtke@aldi-nord.de",
    "ccoe_project": "ngw",
    "ccoe_stage": "prd",
    "ccoe_technicalcontact": "jan.endemann@aldi-nord.de",
    "ccoe_workloadteam": "AZR.AA.ALL.O365.sub-ngw-prd.Notification@aldi-nord.com"
  },
  "vnetAddressPrefix": "10.227.240.0/20",
  "vnetDNSServers": [
    "10.228.34.42"
  ]
}
