{
  "ConfigVersion": "2.0.0",
  "context": "<none>",
  "deploymentLock": true,
  "LZVersion": "2.0.5",
  "MgmtGrId": "mg-corp",
  "number": "<none>",
  "project": "sase",
  "ResourceNames": {
    "rgRsvNorthEurope": "rg-sase-prod-rsv-neu",
    "rgRsvWestEurope": "rg-sase-prod-rsv-weu",
    "rgVnet": "rg-sase-prod-vnet",
    "rsvNameNorthEurope": "rsv-sase-prod-neu",
    "rsvNameWestEurope": "rsv-sase-prod-weu",
    "vnetName": "vnt-sase-prod-weu"
  },
  "stage": "prod",
  "Tag": {
    "ccoe_billingID": "20027",
    "ccoe_owner": "aljoscha.schneider@aldi-nord.de",
    "ccoe_project": "sase",
    "ccoe_stage": "prod",
    "ccoe_technicalcontact": "aljoscha.schneider@aldi-nord.de",
    "ccoe_workloadteam": "AZR.AA.ALL.O365.sub-sase-prod.Notification@aldi-nord.com"
  },
  "vnetAddressPrefix": "10.227.148.0/23",
  "vnetDNSServers": [
    "10.228.34.42"
  ]
}
