{
  "ConfigVersion": "2.0.0",
  "context": "<none>",
  "deploymentLock": true,
  "LZVersion": "2.0.5",
  "MgmtGrId": "mg-online",
  "number": "<none>",
  "project": "lztstcorp",
  "ResourceNames": {
    "rgRsvNorthEurope": "rg-lztstcorp-build-rsv-neu",
    "rgRsvWestEurope": "rg-lztstcorp-build-rsv-weu",
    "rgVnet": "<none>",
    "rsvNameNorthEurope": "rsv-lztstcorp-build-neu",
    "rsvNameWestEurope": "rsv-lztstcorp-build-weu",
    "vnetName": "<none>"
  },
  "stage": "build",
  "Tag": {
    "ccoe_billingID": "ccoe_202207",
    "ccoe_owner": "ccoe-platform@aldi-nord.de",
    "ccoe_project": "lztstcorp",
    "ccoe_stage": "build",
    "ccoe_technicalcontact": "ccoe-platform@aldi-nord.de",
    "ccoe_workloadteam": "AZR.AA.ALL.O365.sub-lztstcorp-build.Notification@aldi-nord.com"
  },
  "vnetAddressPrefix": "<none>",
  "vnetDNSServers": []
}
