{
  "ConfigVersion": "2.0.0",
  "context": "<none>",
  "deploymentLock": true,
  "LZVersion": "2.0.5",
  "MgmtGrId": "mg-corp",
  "number": "<none>",
  "project": "zba",
  "ResourceNames": {
    "rgRsvNorthEurope": "rg-zba-prd-rsv-neu",
    "rgRsvWestEurope": "rg-zba-prd-rsv-weu",
    "rgVnet": "rg-zba-prd-vnet",
    "rsvNameNorthEurope": "rsv-zba-prd-neu",
    "rsvNameWestEurope": "rsv-zba-prd-weu",
    "vnetName": "vnet-we-prd-zba-1"
  },
  "stage": "prd",
  "Tag": {
    "ccoe_billingID": "ZBAN_202107",
    "ccoe_owner": "frank.kwiatkowski@aldi-nord.de",
    "ccoe_project": "zba",
    "ccoe_stage": "prd",
    "ccoe_technicalcontact": "ralf.hoch@ext.aldi-nord.de",
    "ccoe_workloadteam": "AZR.AA.ALL.O365.sub-zba-prd.Notification@aldi-nord.com"
  },
  "vnetAddressPrefix": "10.227.90.0/24",
  "vnetDNSServers": [
    "10.228.242.42",
    "10.250.8.42"
  ]
}
