{
  "ConfigVersion": "2.0.0",
  "context": "<none>",
  "deploymentLock": true,
  "LZVersion": "2.0.5",
  "MgmtGrId": "mg-corp",
  "number": "<none>",
  "project": "dacc",
  "ResourceNames": {
    "rgRsvNorthEurope": "rg-dacc-shared-rsv-neu",
    "rgRsvWestEurope": "rg-dacc-shared-rsv-weu",
    "rgVnet": "rg-dacc-shared-vnet",
    "rsvNameNorthEurope": "rsv-dacc-shared-neu",
    "rsvNameWestEurope": "rsv-dacc-shared-weu",
    "vnetName": "vnt-dacc-shared-weu"
  },
  "stage": "shared",
  "Tag": {
    "ccoe_billingID": "de708060",
    "ccoe_owner": "danilo.guziolek@aldi-nord.de",
    "ccoe_project": "dacc",
    "ccoe_stage": "shared",
    "ccoe_technicalcontact": "benedikt.loewes@aldi-nord.de",
    "ccoe_workloadteam": "AZR.AA.ALL.O365.sub-dacc-shared.Notification@aldi-nord.com"
  },
  "vnetAddressPrefix": "10.227.124.0/24",
  "vnetDNSServers": [
    "10.228.34.42"
  ]
}
