{
  "ConfigVersion": "2.0.0",
  "context": "<none>",
  "deploymentLock": true,
  "LZVersion": "2.0.5",
  "MgmtGrId": "mg-corp",
  "number": "<none>",
  "project": "rpa",
  "ResourceNames": {
    "rgRsvNorthEurope": "rg-rpa-shared-rsv-neu",
    "rgRsvWestEurope": "rg-rpa-shared-rsv-weu",
    "rgVnet": "rg-rpa-shared-vnet",
    "rsvNameNorthEurope": "rsv-rpa-shared-neu",
    "rsvNameWestEurope": "rsv-rpa-shared-weu",
    "vnetName": "vnt-we-int-rpa-shared"
  },
  "stage": "shared",
  "Tag": {
    "ccoe_billingID": "RPAT_202202",
    "ccoe_owner": "martin.haferkamp@aldi-nord.de",
    "ccoe_project": "rpa",
    "ccoe_stage": "shared",
    "ccoe_technicalcontact": "martin.haferkamp@aldi-nord.de",
    "ccoe_workloadteam": "AZR.AA.ALL.O365.sub-de-ohg-ats-tm-rpa-shared.Notification@aldi-nord.com"
  },
  "vnetAddressPrefix": "10.227.3.0/24",
  "vnetDNSServers": [
    "10.228.34.42"
  ]
}
