{
  "ConfigVersion": "2.0.0",
  "context": "<none>",
  "deploymentLock": true,
  "LZVersion": "2.0.5",
  "MgmtGrId": "mg-online",
  "number": "001",
  "project": "web",
  "ResourceNames": {
    "rgRsvNorthEurope": "rg-web-acc-rsv-neu",
    "rgRsvWestEurope": "rg-web-acc-rsv-weu",
    "rgVnet": "<none>",
    "rsvNameNorthEurope": "rsv-web-acc-neu",
    "rsvNameWestEurope": "rsv-web-acc-weu",
    "vnetName": "<none>"
  },
  "stage": "acc",
  "Tag": {
    "ccoe_billingID": "DE7080050",
    "ccoe_owner": "d.ruettershoff-unger@aldi-nord.de",
    "ccoe_project": "web",
    "ccoe_stage": "acc",
    "ccoe_technicalcontact": "dimitri.petruschenko@aldi-nord.de",
    "ccoe_workloadteam": "AZR.AA.ALL.O365.sub-web-acc-001.Notification@aldi-nord.com"
  },
  "vnetAddressPrefix": "<none>",
  "vnetDNSServers": []
}
