{
  "ConfigVersion": "2.0.0",
  "context": "<none>",
  "deploymentLock": true,
  "LZVersion": "2.0.5",
  "MgmtGrId": "mg-corp",
  "number": "<none>",
  "project": "dds",
  "ResourceNames": {
    "rgRsvNorthEurope": "rg-dds-prod-rsv-neu",
    "rgRsvWestEurope": "rg-dds-prod-rsv-weu",
    "rgVnet": "rg-dds-prod-vnet",
    "rsvNameNorthEurope": "rsv-dds-prod-neu",
    "rsvNameWestEurope": "rsv-dds-prod-weu",
    "vnetName": "vnt-dds-prod-weu"
  },
  "stage": "prod",
  "Tag": {
    "ccoe_billingID": "ccoe_202207",
    "ccoe_owner": "alim.hasanovic@aldi-nord.de",
    "ccoe_project": "dds",
    "ccoe_stage": "prod",
    "ccoe_technicalcontact": "alim.hasanovic@aldi-nord.de",
    "ccoe_workloadteam": "AZR.AA.ALL.O365.sub-dds-prod.Notification@aldi-nord.com"
  },
  "vnetAddressPrefix": "10.227.93.0/26",
  "vnetDNSServers": [
    "10.228.34.42"
  ]
}
