{
  "ConfigVersion": "2.0.0",
  "context": "<none>",
  "deploymentLock": true,
  "LZVersion": "2.0.5",
  "MgmtGrId": "mg-corp",
  "number": "<none>",
  "project": "apim",
  "ResourceNames": {
    "rgRsvNorthEurope": "rg-apim-prd-rsv-neu",
    "rgRsvWestEurope": "rg-apim-prd-rsv-weu",
    "rgVnet": "rg-apim-prd-vnet",
    "rsvNameNorthEurope": "rsv-apim-prd-neu",
    "rsvNameWestEurope": "rsv-apim-prd-weu",
    "vnetName": "vnt-we-prd-apim"
  },
  "stage": "prd",
  "Tag": {
    "ccoe_billingID": "APIM_202101",
    "ccoe_lz_maintenance": "2ndThursday1300",
    "ccoe_owner": "daniel.nagel@aldi-nord.de",
    "ccoe_project": "apim",
    "ccoe_stage": "prd",
    "ccoe_technicalcontact": "thomas.schipper@aldi-nord.de",
    "ccoe_workloadteam": "AZR.AA.ALL.O365.sub-apim-prd.Notification@aldi-nord.com"
  },
  "vnetAddressPrefix": "10.227.49.0/24",
  "vnetDNSServers": [
    "10.228.34.42"
  ]
}
