{
  "ConfigVersion": "2.0.0",
  "context": "<none>",
  "deploymentLock": true,
  "LZVersion": "2.0.5",
  "MgmtGrId": "mg-corp",
  "number": "001",
  "project": "rpwaf",
  "ResourceNames": {
    "rgRsvNorthEurope": "rg-rpwaf-prd-rsv-neu",
    "rgRsvWestEurope": "rg-rpwaf-prd-rsv-weu",
    "rgVnet": "rg-rpwaf-prd-vnet",
    "rsvNameNorthEurope": "rsv-rpwaf-prd-neu",
    "rsvNameWestEurope": "rsv-rpwaf-prd-weu",
    "vnetName": "vnt-rpwaf-prd-weu"
  },
  "stage": "prd",
  "Tag": {
    "ccoe_billingID": "rpwaf_0323",
    "ccoe_owner": "Ewgeni.Lendel@aldi-nord.de",
    "ccoe_project": "rpwaf",
    "ccoe_stage": "prd",
    "ccoe_technicalcontact": "reverseproxy@aldi-nord.de",
    "ccoe_workloadteam": "AZR.AA.ALL.O365.sub-rpwaf-prd-001.Notification@aldi-nord.com"
  },
  "vnetAddressPrefix": "10.227.176.0/24",
  "vnetDNSServers": [
    "10.228.34.42"
  ]
}
