{
  "ConfigVersion": "2.0.0",
  "context": "<none>",
  "deploymentLock": true,
  "LZVersion": "2.0.5",
  "MgmtGrId": "mg-online",
  "number": "<none>",
  "project": "pluq",
  "ResourceNames": {
    "rgRsvNorthEurope": "rg-pluq-int-rsv-neu",
    "rgRsvWestEurope": "rg-pluq-int-rsv-weu",
    "rgVnet": "<none>",
    "rsvNameNorthEurope": "rsv-pluq-int-neu",
    "rsvNameWestEurope": "rsv-pluq-int-weu",
    "vnetName": "<none>"
  },
  "stage": "int",
  "Tag": {
    "ccoe_billingID": "PLUQ_202207",
    "ccoe_owner": "christina.nadler@aldi-nord.de",
    "ccoe_project": "pluq",
    "ccoe_stage": "int",
    "ccoe_technicalcontact": "christina.nadler@aldi-nord.de",
    "ccoe_workloadteam": "AZR.AA.ALL.O365.sub-pluq-int.Notification@aldi-nord.com"
  },
  "vnetAddressPrefix": "<none>",
  "vnetDNSServers": []
}
