{
  "ConfigVersion": "2.0.0",
  "context": "<none>",
  "deploymentLock": true,
  "LZVersion": "2.0.5",
  "MgmtGrId": "mg-corp",
  "number": "<none>",
  "project": "bco",
  "ResourceNames": {
    "rgRsvNorthEurope": "rg-bco-int-rsv-neu",
    "rgRsvWestEurope": "rg-bco-int-rsv-weu",
    "rgVnet": "rg-bco-int-vnet",
    "rsvNameNorthEurope": "rsv-bco-int-neu",
    "rsvNameWestEurope": "rsv-bco-int-weu",
    "vnetName": "vnt-we-int-bco"
  },
  "stage": "int",
  "Tag": {
    "ccoe_billingID": "BCOT_202112",
    "ccoe_owner": "daniel.nagel@aldi-nord.de",
    "ccoe_project": "bco",
    "ccoe_stage": "int",
    "ccoe_technicalcontact": "christian.bock@aldi-nord.de",
    "ccoe_workloadteam": "AZR.AA.ALL.O365.sub-de-ohg-se-cs-bco-int.Notification@aldi-nord.com"
  },
  "vnetAddressPrefix": "10.227.41.0/24",
  "vnetDNSServers": [
    "10.228.34.42"
  ]
}
