{
  "ConfigVersion": "2.0.0",
  "context": "cmdb",
  "deploymentLock": true,
  "LZVersion": "2.0.5",
  "MgmtGrId": "mg-corp",
  "number": "<none>",
  "project": "stsuai",
  "ResourceNames": {
    "rgRsvNorthEurope": "rg-stsuai-prd-rsv-neu",
    "rgRsvWestEurope": "rg-stsuai-prd-rsv-weu",
    "rgVnet": "rg-stsuai-prd-vnet",
    "rsvNameNorthEurope": "rsv-stsuai-prd-neu",
    "rsvNameWestEurope": "rsv-stsuai-prd-weu",
    "vnetName": "vnt-stsuai-prd-weu"
  },
  "stage": "prd",
  "Tag": {
    "ccoe_billingID": "stsuaiI_202203",
    "ccoe_owner": "michael.philippi@aldi-nord.de",
    "ccoe_project": "stsuai",
    "ccoe_stage": "prd",
    "ccoe_technicalcontact": "michael.philippi@aldi-nord.de",
    "ccoe_workloadteam": "AZR.AA.ALL.O365.sub-stsuai-prd-cmdb.Notification@aldi-nord.com"
  },
  "vnetAddressPrefix": "10.227.120.64/26",
  "vnetDNSServers": [
    "10.228.34.42"
  ]
}
