{
  "ConfigVersion": "2.0.0",
  "context": "fe",
  "deploymentLock": true,
  "LZVersion": "2.0.5",
  "MgmtGrId": "mg-online",
  "number": "001",
  "project": "app",
  "ResourceNames": {
    "rgRsvNorthEurope": "rg-app-int-rsv-neu",
    "rgRsvWestEurope": "rg-app-int-rsv-weu",
    "rgVnet": "<none>",
    "rsvNameNorthEurope": "rsv-app-int-neu",
    "rsvNameWestEurope": "rsv-app-int-weu",
    "vnetName": "<none>"
  },
  "stage": "int",
  "Tag": {
    "ccoe_billingID": "de708042",
    "ccoe_owner": "bartosz.jablonski@aldi-nord.de",
    "ccoe_project": "app",
    "ccoe_stage": "int",
    "ccoe_technicalcontact": "dimitri.petruschenko@aldi-nord.de",
    "ccoe_workloadteam": "AZR.AA.ALL.O365.sub-app-int-fe-001.Notification@aldi-nord.com"
  },
  "vnetAddressPrefix": "<none>",
  "vnetDNSServers": []
}
